{"training_time": "2025-04-27 01:47:14", "model_version": "v1.0", "num_samples": 10000, "num_features": 28, "train_accuracy": 0.99925, "validation_accuracy": 0.9975, "auc_score": 0.999985, "pr_auc": 0.9999850818180847, "cv_scores": [1.0, 0.9999875, 0.9999984375000002, 0.9999750000000001, 1.0], "mean_cv_score": 0.9999921875, "top_features": ["special_char_ratio", "entropy", "param_count", "subdomain_count", "domain_similarity", "query_length", "path_depth", "percent_encoded_chars", "digit_ratio", "length"], "top_importance": [0.11590000000000004, 0.005900000000000016, 0.0032500000000000306, 0.0029500000000000194, 0.0021500000000000186, 0.0017500000000000293, 0.0012500000000000178, 0.0012000000000000344, 0.0001500000000000168, 3.3306690738754695e-17], "pos_class_ratio": 0.5}